{
  "model_name": "lgbm_transport_v5",
  "timestamp": "2025-11-17T16:08:11.143809",
  "n_samples": 802369,
  "best_iteration": -1,
  "num_features": 18,
  "prediction_time_sec": 6.249634027481079,
  "mae": 115.95220286508889,
  "rmse": 764.3769934194513,
  "smape": 0.39855377009449366,
  "by_hour_mae": {
    "0": 119.69412292133306,
    "1": 141.47376951894563,
    "2": 116.56670102610211,
    "3": 80.03920416782057,
    "4": 59.31740714360472,
    "5": 49.62383018546858,
    "6": 83.2485516326577,
    "7": 200.6601519304053,
    "8": 239.3846752415366,
    "9": 115.72019067431886,
    "10": 82.674300391662,
    "11": 81.53060717123813,
    "12": 92.53040310011072,
    "13": 95.58615072385129,
    "14": 96.73436116160146,
    "15": 103.00295483116516,
    "16": 113.02685893987618,
    "17": 141.74700541829526,
    "18": 186.9677641668874,
    "19": 99.29224904547478,
    "20": 76.411341675788,
    "21": 87.90157826142783,
    "22": 94.95728479289501,
    "23": 95.41082379102963
  },
  "top10_worst_lines_mae": {
    "MARMARAY": 6285.8742752144,
    "34": 5605.1852521544415,
    "M2": 4517.4637660215285,
    "T1": 3591.694579820458,
    "M4": 2984.6256258734534,
    "M5": 2838.2679069861447,
    "M1": 2784.594493318424,
    "M3": 2502.2232834228216,
    "M7": 2122.019404510681,
    "T4": 1864.0367725049384
  },
  "baseline_mae_lag24": 321.9496042344607,
  "baseline_mae_lag168": 315.2785783990538,
  "baseline_mae_linehour": 155.89349568245456,
  "improvement_over_lag24": 63.98436235360414,
  "improvement_over_linehour": 25.620884721658697,
  "feature_importance_csv": "/Users/farukkamcici/PycharmProjects/ibb-transport/reports/feature_importance_lgbm_transport_v5.csv",
  "feature_importance_plot": "/Users/farukkamcici/PycharmProjects/ibb-transport/reports/figs/feature_importance_lgbm_transport_v5.png",
  "shap_plot": "/Users/farukkamcici/PycharmProjects/ibb-transport/reports/figs/shap_summary_lgbm_transport_v5.png"
}